index,month,year,days,report_date,journey_type,journeys_millions
0,2,2020,29,2020-06-30T00:00:00.000,Underground & DLR,8.041099198
1,2,2020,29,2020-06-30T00:00:00.000,Bus,32.4672429
2,2,2020,29,2020-06-30T00:00:00.000,Tram,0.470811182
3,2,2020,29,2020-06-30T00:00:00.000,Overground,1.491889551
4,2,2020,29,2020-06-30T00:00:00.000,Emirates Airline,0.004978
5,2,2020,29,2020-06-30T00:00:00.000,TfL Rail,0.700218177
6,1,2020,31,2020-06-30T00:00:00.000,Underground & DLR,6.950756766
7,3,2020,31,2020-06-30T00:00:00.000,Underground & DLR,15.4406231
8,1,2020,31,2020-06-30T00:00:00.000,Bus,30.22373646
9,3,2020,31,2020-06-30T00:00:00.000,Bus,46.95951983
10,1,2020,31,2020-06-30T00:00:00.000,Tram,0.440934103
11,3,2020,31,2020-06-30T00:00:00.000,Tram,0.704707251
12,1,2020,31,2020-06-30T00:00:00.000,Overground,0.999692678
13,3,2020,31,2020-06-30T00:00:00.000,Overground,2.797743723
14,1,2020,31,2020-06-30T00:00:00.000,Emirates Airline,0.000169
15,3,2020,31,2020-06-30T00:00:00.000,Emirates Airline,0.015716
16,1,2020,31,2020-06-30T00:00:00.000,TfL Rail,0.594614839
17,3,2020,31,2020-06-30T00:00:00.000,TfL Rail,1.15834799
18,2,2013,28,2013-06-30T00:00:00.000,Underground & DLR,105.064674
19,2,2013,28,2013-06-30T00:00:00.000,Bus,188.7783616
20,2,2013,28,2013-06-30T00:00:00.000,Tram,2.471114322
21,2,2013,28,2013-06-30T00:00:00.000,Overground,10.33791163
22,2,2013,28,2013-06-30T00:00:00.000,Emirates Airline,0.128717
23,2,2013,28,2013-06-30T00:00:00.000,TfL Rail,
24,1,2013,31,2013-06-30T00:00:00.000,Underground & DLR,99.74275141
25,3,2013,31,2013-06-30T00:00:00.000,Underground & DLR,103.5364018
26,1,2013,31,2013-06-30T00:00:00.000,Bus,171.634596
27,3,2013,31,2013-06-30T00:00:00.000,Bus,183.498908
28,1,2013,31,2013-06-30T00:00:00.000,Tram,2.2857799
29,3,2013,31,2013-06-30T00:00:00.000,Tram,2.384661963
30,1,2013,31,2013-06-30T00:00:00.000,Overground,10.27484354
31,3,2013,31,2013-06-30T00:00:00.000,Overground,10.90388008
32,1,2013,31,2013-06-30T00:00:00.000,Emirates Airline,0.138309
33,3,2013,31,2013-06-30T00:00:00.000,Emirates Airline,0.141628
34,1,2013,31,2013-06-30T00:00:00.000,TfL Rail,
35,3,2013,31,2013-06-30T00:00:00.000,TfL Rail,
36,9,2016,30,2016-12-31T00:00:00.000,Underground & DLR,126.7160291
37,9,2016,30,2016-12-31T00:00:00.000,Bus,182.6521273
38,9,2016,30,2016-12-31T00:00:00.000,Tram,2.123296512
39,9,2016,30,2016-12-31T00:00:00.000,Overground,15.69699568
40,9,2016,30,2016-12-31T00:00:00.000,Emirates Airline,0.080307
41,9,2016,30,2016-12-31T00:00:00.000,TfL Rail,4.011194419
42,7,2016,31,2016-12-31T00:00:00.000,Underground & DLR,120.0079534
43,8,2016,31,2016-12-31T00:00:00.000,Underground & DLR,122.6700472
44,7,2016,31,2016-12-31T00:00:00.000,Bus,186.9184053
45,8,2016,31,2016-12-31T00:00:00.000,Bus,176.6024622
46,7,2016,31,2016-12-31T00:00:00.000,Tram,2.518967928
47,8,2016,31,2016-12-31T00:00:00.000,Tram,2.219800939
48,7,2016,31,2016-12-31T00:00:00.000,Overground,15.23670263
49,8,2016,31,2016-12-31T00:00:00.000,Overground,15.43628028
50,7,2016,31,2016-12-31T00:00:00.000,Emirates Airline,0.09988225
51,8,2016,31,2016-12-31T00:00:00.000,Emirates Airline,0.118994
52,7,2016,31,2016-12-31T00:00:00.000,TfL Rail,3.738489267
53,8,2016,31,2016-12-31T00:00:00.000,TfL Rail,3.826849348
54,11,2020,30,2021-03-31T00:00:00.000,Underground & DLR,19.41306327
55,11,2020,30,2021-03-31T00:00:00.000,Bus,51.62279978
56,11,2020,30,2021-03-31T00:00:00.000,Tram,0.668000889
57,11,2020,30,2021-03-31T00:00:00.000,Overground,3.499736136
58,11,2020,30,2021-03-31T00:00:00.000,Emirates Airline,0.018906
59,11,2020,30,2021-03-31T00:00:00.000,TfL Rail,1.154206467
60,10,2020,31,2021-03-31T00:00:00.000,Underground & DLR,21.57123913
61,12,2020,31,2021-03-31T00:00:00.000,Underground & DLR,22.86173855
62,10,2020,31,2021-03-31T00:00:00.000,Bus,57.48044274
63,12,2020,31,2021-03-31T00:00:00.000,Bus,56.89329743
64,10,2020,31,2021-03-31T00:00:00.000,Tram,0.73895385
65,12,2020,31,2021-03-31T00:00:00.000,Tram,0.772059038
66,10,2020,31,2021-03-31T00:00:00.000,Overground,3.192937975
67,12,2020,31,2021-03-31T00:00:00.000,Overground,4.38364971
68,10,2020,31,2021-03-31T00:00:00.000,Emirates Airline,0.029085
69,12,2020,31,2021-03-31T00:00:00.000,Emirates Airline,0.050903
70,10,2020,31,2021-03-31T00:00:00.000,TfL Rail,1.218441048
71,12,2020,31,2021-03-31T00:00:00.000,TfL Rail,1.363278027
72,4,2017,30,2017-09-30T00:00:00.000,Underground & DLR,118.5452633
73,6,2017,30,2017-09-30T00:00:00.000,Underground & DLR,105.0908914
74,4,2017,30,2017-09-30T00:00:00.000,Bus,181.4774547
75,6,2017,30,2017-09-30T00:00:00.000,Bus,165.9884702
76,4,2017,30,2017-09-30T00:00:00.000,Tram,2.366947479
77,6,2017,30,2017-09-30T00:00:00.000,Tram,2.207812359
78,4,2017,30,2017-09-30T00:00:00.000,Overground,14.98989134
79,6,2017,30,2017-09-30T00:00:00.000,Overground,14.54848112
80,4,2017,30,2017-09-30T00:00:00.000,Emirates Airline,0.129216
81,6,2017,30,2017-09-30T00:00:00.000,Emirates Airline,0.121204
82,4,2017,30,2017-09-30T00:00:00.000,TfL Rail,3.708985052
83,6,2017,30,2017-09-30T00:00:00.000,TfL Rail,3.295722397
84,5,2017,31,2017-09-30T00:00:00.000,Underground & DLR,110.1956401
85,5,2017,31,2017-09-30T00:00:00.000,Bus,155.1018845
86,5,2017,31,2017-09-30T00:00:00.000,Tram,2.060928147
87,5,2017,31,2017-09-30T00:00:00.000,Overground,14.44132847
88,5,2017,31,2017-09-30T00:00:00.000,Emirates Airline,0.179892
89,5,2017,31,2017-09-30T00:00:00.000,TfL Rail,3.465754813
90,11,2013,30,2014-03-31T00:00:00.000,Underground & DLR,104.5940478
91,11,2013,30,2014-03-31T00:00:00.000,Bus,186.6478788
92,11,2013,30,2014-03-31T00:00:00.000,Tram,2.447911409
93,11,2013,30,2014-03-31T00:00:00.000,Overground,10.30713502
94,11,2013,30,2014-03-31T00:00:00.000,Emirates Airline,0.067098
95,11,2013,30,2014-03-31T00:00:00.000,TfL Rail,
96,10,2013,31,2014-03-31T00:00:00.000,Underground & DLR,90.35986225
97,12,2013,31,2014-03-31T00:00:00.000,Underground & DLR,102.5768518
98,10,2013,31,2014-03-31T00:00:00.000,Bus,155.1304078
99,12,2013,31,2014-03-31T00:00:00.000,Bus,185.6287836
100,10,2013,31,2014-03-31T00:00:00.000,Tram,2.033851329
101,12,2013,31,2014-03-31T00:00:00.000,Tram,2.433560379
102,10,2013,31,2014-03-31T00:00:00.000,Overground,8.142000786
103,12,2013,31,2014-03-31T00:00:00.000,Overground,10.80797722
104,10,2013,31,2014-03-31T00:00:00.000,Emirates Airline,0.068595
105,12,2013,31,2014-03-31T00:00:00.000,Emirates Airline,0.084601
106,10,2013,31,2014-03-31T00:00:00.000,TfL Rail,
107,12,2013,31,2014-03-31T00:00:00.000,TfL Rail,
108,4,2010,30,2010-09-30T00:00:00.000,Underground & DLR,92.5440925
109,6,2010,30,2010-09-30T00:00:00.000,Underground & DLR,86.3757023
110,4,2010,30,2010-09-30T00:00:00.000,Bus,183.4280516
111,6,2010,30,2010-09-30T00:00:00.000,Bus,175.8073358
112,4,2010,30,2010-09-30T00:00:00.000,Tram,2.1419405
113,6,2010,30,2010-09-30T00:00:00.000,Tram,2.0267475
114,4,2010,30,2010-09-30T00:00:00.000,Overground,
115,6,2010,30,2010-09-30T00:00:00.000,Overground,
116,4,2010,30,2010-09-30T00:00:00.000,Emirates Airline,
117,6,2010,30,2010-09-30T00:00:00.000,Emirates Airline,
118,4,2010,30,2010-09-30T00:00:00.000,TfL Rail,
119,6,2010,30,2010-09-30T00:00:00.000,TfL Rail,
120,5,2010,31,2010-09-30T00:00:00.000,Underground & DLR,88.66291085
121,5,2010,31,2010-09-30T00:00:00.000,Bus,160.4227672
122,5,2010,31,2010-09-30T00:00:00.000,Tram,2.0084825
123,5,2010,31,2010-09-30T00:00:00.000,Overground,
124,5,2010,31,2010-09-30T00:00:00.000,Emirates Airline,
125,5,2010,31,2010-09-30T00:00:00.000,TfL Rail,
126,2,2018,28,2018-06-30T00:00:00.000,Underground & DLR,115.3119189
127,2,2018,28,2018-06-30T00:00:00.000,Bus,179.6128231
128,2,2018,28,2018-06-30T00:00:00.000,Tram,2.347233824
129,2,2018,28,2018-06-30T00:00:00.000,Overground,14.41798508
130,2,2018,28,2018-06-30T00:00:00.000,Emirates Airline,0.112407
131,2,2018,28,2018-06-30T00:00:00.000,TfL Rail,3.67820478
132,1,2018,31,2018-06-30T00:00:00.000,Underground & DLR,112.9114077
133,3,2018,31,2018-06-30T00:00:00.000,Underground & DLR,113.6166283
134,1,2018,31,2018-06-30T00:00:00.000,Bus,165.8652481
135,3,2018,31,2018-06-30T00:00:00.000,Bus,173.8886094
136,1,2018,31,2018-06-30T00:00:00.000,Tram,1.930794131
137,3,2018,31,2018-06-30T00:00:00.000,Tram,2.271671918
138,1,2018,31,2018-06-30T00:00:00.000,Overground,14.68761425
139,3,2018,31,2018-06-30T00:00:00.000,Overground,14.25590317
140,1,2018,31,2018-06-30T00:00:00.000,Emirates Airline,0.120445
141,3,2018,31,2018-06-30T00:00:00.000,Emirates Airline,0.111652
142,1,2018,31,2018-06-30T00:00:00.000,TfL Rail,3.546085812
143,3,2018,31,2018-06-30T00:00:00.000,TfL Rail,4.167131236
144,9,2021,30,2021-12-31T00:00:00.000,Underground & DLR,82.78647055
145,9,2021,30,2021-12-31T00:00:00.000,Bus,131.3435068
146,9,2021,30,2021-12-31T00:00:00.000,Tram,1.556498656
147,9,2021,30,2021-12-31T00:00:00.000,Overground,12.20710486
148,9,2021,30,2021-12-31T00:00:00.000,Emirates Airline,0.073496
149,9,2021,30,2021-12-31T00:00:00.000,TfL Rail,3.3
150,7,2021,31,2021-12-31T00:00:00.000,Underground & DLR,76.82103574
151,8,2021,31,2021-12-31T00:00:00.000,Underground & DLR,80.85394361
152,7,2021,31,2021-12-31T00:00:00.000,Bus,130.1574945
153,8,2021,31,2021-12-31T00:00:00.000,Bus,125.3761971
154,7,2021,31,2021-12-31T00:00:00.000,Tram,1.677421013
155,8,2021,31,2021-12-31T00:00:00.000,Tram,1.664439075
156,7,2021,31,2021-12-31T00:00:00.000,Overground,12.47350367
157,8,2021,31,2021-12-31T00:00:00.000,Overground,11.58683787
158,7,2021,31,2021-12-31T00:00:00.000,Emirates Airline,0.096853
159,8,2021,31,2021-12-31T00:00:00.000,Emirates Airline,0.117665
160,7,2021,31,2021-12-31T00:00:00.000,TfL Rail,3.7
161,8,2021,31,2021-12-31T00:00:00.000,TfL Rail,3.7
162,2,2011,28,2011-06-30T00:00:00.000,Underground & DLR,94.10294338
163,2,2011,28,2011-06-30T00:00:00.000,Bus,186.1431198
164,2,2011,28,2011-06-30T00:00:00.000,Tram,2.243446
165,2,2011,28,2011-06-30T00:00:00.000,Overground,6.435434169
166,2,2011,28,2011-06-30T00:00:00.000,Emirates Airline,
167,2,2011,28,2011-06-30T00:00:00.000,TfL Rail,
168,1,2011,31,2011-06-30T00:00:00.000,Underground & DLR,97.63677178
169,3,2011,31,2011-06-30T00:00:00.000,Underground & DLR,94.98939582
170,1,2011,31,2011-06-30T00:00:00.000,Bus,183.7890695
171,3,2011,31,2011-06-30T00:00:00.000,Bus,181.6502126
172,1,2011,31,2011-06-30T00:00:00.000,Tram,2.112539
173,3,2011,31,2011-06-30T00:00:00.000,Tram,2.207762
174,1,2011,31,2011-06-30T00:00:00.000,Overground,6.255826688
175,3,2011,31,2011-06-30T00:00:00.000,Overground,6.939514058
176,1,2011,31,2011-06-30T00:00:00.000,Emirates Airline,
177,3,2011,31,2011-06-30T00:00:00.000,Emirates Airline,
178,1,2011,31,2011-06-30T00:00:00.000,TfL Rail,
179,3,2011,31,2011-06-30T00:00:00.000,TfL Rail,
180,9,2014,30,2014-12-31T00:00:00.000,Underground & DLR,120.3404409
181,9,2014,30,2014-12-31T00:00:00.000,Bus,195.6391849
182,9,2014,30,2014-12-31T00:00:00.000,Tram,2.597320062
183,9,2014,30,2014-12-31T00:00:00.000,Overground,11.23038825
184,9,2014,30,2014-12-31T00:00:00.000,Emirates Airline,0.090387
185,9,2014,30,2014-12-31T00:00:00.000,TfL Rail,
186,7,2014,31,2014-12-31T00:00:00.000,Underground & DLR,112.7901406
187,8,2014,31,2014-12-31T00:00:00.000,Underground & DLR,117.76628
188,7,2014,31,2014-12-31T00:00:00.000,Bus,198.7598134
189,8,2014,31,2014-12-31T00:00:00.000,Bus,190.1546904
190,7,2014,31,2014-12-31T00:00:00.000,Tram,2.638905613
191,8,2014,31,2014-12-31T00:00:00.000,Tram,2.408685204
192,7,2014,31,2014-12-31T00:00:00.000,Overground,10.84366212
193,8,2014,31,2014-12-31T00:00:00.000,Overground,11.04538765
194,7,2014,31,2014-12-31T00:00:00.000,Emirates Airline,0.112802
195,8,2014,31,2014-12-31T00:00:00.000,Emirates Airline,0.127104
196,7,2014,31,2014-12-31T00:00:00.000,TfL Rail,
197,8,2014,31,2014-12-31T00:00:00.000,TfL Rail,
198,4,2022,30,2022-09-30T00:00:00.000,Underground & DLR,87.77907382
199,6,2022,30,2022-09-30T00:00:00.000,Underground & DLR,86.08141475
200,4,2022,30,2022-09-30T00:00:00.000,Bus,137.8083418
201,6,2022,30,2022-09-30T00:00:00.000,Bus,132.881525
202,4,2022,30,2022-09-30T00:00:00.000,Tram,1.46955654
203,6,2022,30,2022-09-30T00:00:00.000,Tram,1.453775667
204,4,2022,30,2022-09-30T00:00:00.000,Overground,12.50552727
205,6,2022,30,2022-09-30T00:00:00.000,Overground,12.3020443
206,4,2022,30,2022-09-30T00:00:00.000,Emirates Airline,0.128628
207,6,2022,30,2022-09-30T00:00:00.000,Emirates Airline,0.149744
208,4,2022,30,2022-09-30T00:00:00.000,TfL Rail,11.627377
209,6,2022,30,2022-09-30T00:00:00.000,TfL Rail,9.780669
210,5,2022,31,2022-09-30T00:00:00.000,Underground & DLR,80.3174556
211,5,2022,31,2022-09-30T00:00:00.000,Bus,122.4636054
212,5,2022,31,2022-09-30T00:00:00.000,Tram,1.54454662
213,5,2022,31,2022-09-30T00:00:00.000,Overground,10.02445314
214,5,2022,31,2022-09-30T00:00:00.000,Emirates Airline,0.186278
215,5,2022,31,2022-09-30T00:00:00.000,TfL Rail,9.177708
216,11,2018,30,2019-03-31T00:00:00.000,Underground & DLR,116.0488427
217,11,2018,30,2019-03-31T00:00:00.000,Bus,171.3353323
218,11,2018,30,2019-03-31T00:00:00.000,Tram,2.221696164
219,11,2018,30,2019-03-31T00:00:00.000,Overground,14.47152417
220,11,2018,30,2019-03-31T00:00:00.000,Emirates Airline,0.063434
221,11,2018,30,2019-03-31T00:00:00.000,TfL Rail,4.56039029
222,10,2018,31,2019-03-31T00:00:00.000,Underground & DLR,99.40385898
223,12,2018,31,2019-03-31T00:00:00.000,Underground & DLR,120.5413866
224,10,2018,31,2019-03-31T00:00:00.000,Bus,144.857876
225,12,2018,31,2019-03-31T00:00:00.000,Bus,171.3055776
226,10,2018,31,2019-03-31T00:00:00.000,Tram,1.855491815
227,12,2018,31,2019-03-31T00:00:00.000,Tram,2.17577707
228,10,2018,31,2019-03-31T00:00:00.000,Overground,11.58278136
229,12,2018,31,2019-03-31T00:00:00.000,Overground,14.40872535
230,10,2018,31,2019-03-31T00:00:00.000,Emirates Airline,0.090213
231,12,2018,31,2019-03-31T00:00:00.000,Emirates Airline,0.098609
232,10,2018,31,2019-03-31T00:00:00.000,TfL Rail,3.859436726
233,12,2018,31,2019-03-31T00:00:00.000,TfL Rail,4.397425641
234,4,2015,30,2015-09-30T00:00:00.000,Underground & DLR,110.3057381
235,6,2015,30,2015-09-30T00:00:00.000,Underground & DLR,106.3357502
236,4,2015,30,2015-09-30T00:00:00.000,Bus,182.5099453
237,6,2015,30,2015-09-30T00:00:00.000,Bus,175.0026654
238,4,2015,30,2015-09-30T00:00:00.000,Tram,2.174068
239,6,2015,30,2015-09-30T00:00:00.000,Tram,2.025645
240,4,2015,30,2015-09-30T00:00:00.000,Overground,14.86933322
241,6,2015,30,2015-09-30T00:00:00.000,Overground,13.93937148
242,4,2015,30,2015-09-30T00:00:00.000,Emirates Airline,0.146784
243,6,2015,30,2015-09-30T00:00:00.000,Emirates Airline,0.123068
244,4,2015,30,2015-09-30T00:00:00.000,TfL Rail,3.774568028
245,6,2015,30,2015-09-30T00:00:00.000,TfL Rail,3.733603486
246,5,2015,31,2015-09-30T00:00:00.000,Underground & DLR,103.5202237
247,5,2015,31,2015-09-30T00:00:00.000,Bus,162.2927649
248,5,2015,31,2015-09-30T00:00:00.000,Tram,1.846514
249,5,2015,31,2015-09-30T00:00:00.000,Overground,13.76391107
250,5,2015,31,2015-09-30T00:00:00.000,Emirates Airline,0.192611
251,5,2015,31,2015-09-30T00:00:00.000,TfL Rail,3.670933403
252,11,2011,30,2012-03-31T00:00:00.000,Underground & DLR,96.70548698
253,11,2011,30,2012-03-31T00:00:00.000,Bus,181.3792522
254,11,2011,30,2012-03-31T00:00:00.000,Tram,2.249438
255,11,2011,30,2012-03-31T00:00:00.000,Overground,8.701779664
256,11,2011,30,2012-03-31T00:00:00.000,Emirates Airline,
257,11,2011,30,2012-03-31T00:00:00.000,TfL Rail,
258,10,2011,31,2012-03-31T00:00:00.000,Underground & DLR,84.50097107
259,12,2011,31,2012-03-31T00:00:00.000,Underground & DLR,98.46427621
260,10,2011,31,2012-03-31T00:00:00.000,Bus,151.1920286
261,12,2011,31,2012-03-31T00:00:00.000,Bus,179.4957134
262,10,2011,31,2012-03-31T00:00:00.000,Tram,1.92691
263,12,2011,31,2012-03-31T00:00:00.000,Tram,2.028529
264,10,2011,31,2012-03-31T00:00:00.000,Overground,6.882365476
265,12,2011,31,2012-03-31T00:00:00.000,Overground,8.816425055
266,10,2011,31,2012-03-31T00:00:00.000,Emirates Airline,
267,12,2011,31,2012-03-31T00:00:00.000,Emirates Airline,
268,10,2011,31,2012-03-31T00:00:00.000,TfL Rail,
269,12,2011,31,2012-03-31T00:00:00.000,TfL Rail,
270,9,2019,30,2019-12-31T00:00:00.000,Underground & DLR,127.3912004
271,9,2019,30,2019-12-31T00:00:00.000,Bus,176.2157208
272,9,2019,30,2019-12-31T00:00:00.000,Tram,2.315897918
273,9,2019,30,2019-12-31T00:00:00.000,Overground,15.83140693
274,9,2019,30,2019-12-31T00:00:00.000,Emirates Airline,0.075864
275,9,2019,30,2019-12-31T00:00:00.000,TfL Rail,4.963376783
276,7,2019,31,2019-12-31T00:00:00.000,Underground & DLR,121.7741123
277,8,2019,31,2019-12-31T00:00:00.000,Underground & DLR,123.2356757
278,7,2019,31,2019-12-31T00:00:00.000,Bus,179.3092965
279,8,2019,31,2019-12-31T00:00:00.000,Bus,168.9086314
280,7,2019,31,2019-12-31T00:00:00.000,Tram,2.307972909
281,8,2019,31,2019-12-31T00:00:00.000,Tram,2.201839772
282,7,2019,31,2019-12-31T00:00:00.000,Overground,17.82063199
283,8,2019,31,2019-12-31T00:00:00.000,Overground,17.1082871
284,7,2019,31,2019-12-31T00:00:00.000,Emirates Airline,0.08751
285,8,2019,31,2019-12-31T00:00:00.000,Emirates Airline,0.104711
286,7,2019,31,2019-12-31T00:00:00.000,TfL Rail,4.861940962
287,8,2019,31,2019-12-31T00:00:00.000,TfL Rail,4.895068741
288,2,2016,29,2016-06-30T00:00:00.000,Underground & DLR,115.2464109
289,2,2016,29,2016-06-30T00:00:00.000,Bus,181.877468
290,2,2016,29,2016-06-30T00:00:00.000,Tram,2.381151083
291,2,2016,29,2016-06-30T00:00:00.000,Overground,14.43277766
292,2,2016,29,2016-06-30T00:00:00.000,Emirates Airline,0.128865825
293,2,2016,29,2016-06-30T00:00:00.000,TfL Rail,3.694140364
294,1,2016,31,2016-06-30T00:00:00.000,Underground & DLR,124.5322923
295,3,2016,31,2016-06-30T00:00:00.000,Underground & DLR,113.4187527
296,1,2016,31,2016-06-30T00:00:00.000,Bus,189.2696946
297,3,2016,31,2016-06-30T00:00:00.000,Bus,173.6442849
298,1,2016,31,2016-06-30T00:00:00.000,Tram,2.392990897
299,3,2016,31,2016-06-30T00:00:00.000,Tram,2.309534152
300,1,2016,31,2016-06-30T00:00:00.000,Overground,15.64536191
301,3,2016,31,2016-06-30T00:00:00.000,Overground,13.77792909
302,1,2016,31,2016-06-30T00:00:00.000,Emirates Airline,0.140012
303,3,2016,31,2016-06-30T00:00:00.000,Emirates Airline,0.112962
304,1,2016,31,2016-06-30T00:00:00.000,TfL Rail,3.99836286
305,3,2016,31,2016-06-30T00:00:00.000,TfL Rail,3.508856093
306,9,2012,30,2012-12-31T00:00:00.000,Underground & DLR,109.5871702
307,9,2012,30,2012-12-31T00:00:00.000,Bus,187.603801
308,9,2012,30,2012-12-31T00:00:00.000,Tram,2.4633864
309,9,2012,30,2012-12-31T00:00:00.000,Overground,9.991859874
310,9,2012,30,2012-12-31T00:00:00.000,Emirates Airline,0.119806
311,9,2012,30,2012-12-31T00:00:00.000,TfL Rail,
312,7,2012,31,2012-12-31T00:00:00.000,Underground & DLR,105.8802169
313,8,2012,31,2012-12-31T00:00:00.000,Underground & DLR,108.3931857
314,7,2012,31,2012-12-31T00:00:00.000,Bus,194.2151059
315,8,2012,31,2012-12-31T00:00:00.000,Bus,184.6723651
316,7,2012,31,2012-12-31T00:00:00.000,Tram,2.497070196
317,8,2012,31,2012-12-31T00:00:00.000,Tram,2.1722911
318,7,2012,31,2012-12-31T00:00:00.000,Overground,9.666574601
319,8,2012,31,2012-12-31T00:00:00.000,Overground,9.847806267
320,7,2012,31,2012-12-31T00:00:00.000,Emirates Airline,0.163217
321,8,2012,31,2012-12-31T00:00:00.000,Emirates Airline,0.181075
322,7,2012,31,2012-12-31T00:00:00.000,TfL Rail,
323,8,2012,31,2012-12-31T00:00:00.000,TfL Rail,
324,4,2020,30,2020-09-30T00:00:00.000,Underground & DLR,25.16060445
325,6,2020,30,2020-09-30T00:00:00.000,Underground & DLR,40.48165937
326,4,2020,30,2020-09-30T00:00:00.000,Bus,66.66579493
327,6,2020,30,2020-09-30T00:00:00.000,Bus,94.76144428
328,4,2020,30,2020-09-30T00:00:00.000,Tram,1.000114417
329,6,2020,30,2020-09-30T00:00:00.000,Tram,1.217863616
330,4,2020,30,2020-09-30T00:00:00.000,Overground,4.490086172
331,6,2020,30,2020-09-30T00:00:00.000,Overground,6.61931978
332,4,2020,30,2020-09-30T00:00:00.000,Emirates Airline,0.030059
333,6,2020,30,2020-09-30T00:00:00.000,Emirates Airline,0.062419
334,4,2020,30,2020-09-30T00:00:00.000,TfL Rail,1.636938471
335,6,2020,30,2020-09-30T00:00:00.000,TfL Rail,2.221982734
336,5,2020,31,2020-09-30T00:00:00.000,Underground & DLR,32.35450664
337,5,2020,31,2020-09-30T00:00:00.000,Bus,75.17395979
338,5,2020,31,2020-09-30T00:00:00.000,Tram,1.03842435
339,5,2020,31,2020-09-30T00:00:00.000,Overground,5.073182347
340,5,2020,31,2020-09-30T00:00:00.000,Emirates Airline,0.060884
341,5,2020,31,2020-09-30T00:00:00.000,TfL Rail,1.951687613
342,11,2016,30,2017-03-31T00:00:00.000,Underground & DLR,111.459421
343,11,2016,30,2017-03-31T00:00:00.000,Bus,174.4384818
344,11,2016,30,2017-03-31T00:00:00.000,Tram,2.40832477
345,11,2016,30,2017-03-31T00:00:00.000,Overground,14.83998874
346,11,2016,30,2017-03-31T00:00:00.000,Emirates Airline,0.07872
347,11,2016,30,2017-03-31T00:00:00.000,TfL Rail,3.768952394
348,10,2016,31,2017-03-31T00:00:00.000,Underground & DLR,96.57648637
349,12,2016,31,2017-03-31T00:00:00.000,Underground & DLR,118.0162681
350,10,2016,31,2017-03-31T00:00:00.000,Bus,145.7549356
351,12,2016,31,2017-03-31T00:00:00.000,Bus,172.9433928
352,10,2016,31,2017-03-31T00:00:00.000,Tram,2.084239862
353,12,2016,31,2017-03-31T00:00:00.000,Tram,2.206987478
354,10,2016,31,2017-03-31T00:00:00.000,Overground,11.98208519
355,12,2016,31,2017-03-31T00:00:00.000,Overground,14.6108366
356,10,2016,31,2017-03-31T00:00:00.000,Emirates Airline,0.092992
357,12,2016,31,2017-03-31T00:00:00.000,Emirates Airline,0.108992
358,10,2016,31,2017-03-31T00:00:00.000,TfL Rail,3.324919393
359,12,2016,31,2017-03-31T00:00:00.000,TfL Rail,3.586700892
360,4,2013,30,2013-09-30T00:00:00.000,Underground & DLR,108.8441132
361,6,2013,30,2013-09-30T00:00:00.000,Underground & DLR,98.1570731
362,4,2013,30,2013-09-30T00:00:00.000,Bus,190.1784043
363,6,2013,30,2013-09-30T00:00:00.000,Bus,173.6793093
364,4,2013,30,2013-09-30T00:00:00.000,Tram,2.520668741
365,6,2013,30,2013-09-30T00:00:00.000,Tram,2.035954184
366,4,2013,30,2013-09-30T00:00:00.000,Overground,11.32033596
367,6,2013,30,2013-09-30T00:00:00.000,Overground,10.35787157
368,4,2013,30,2013-09-30T00:00:00.000,Emirates Airline,0.151723
369,6,2013,30,2013-09-30T00:00:00.000,Emirates Airline,0.168135
370,4,2013,30,2013-09-30T00:00:00.000,TfL Rail,
371,6,2013,30,2013-09-30T00:00:00.000,TfL Rail,
372,5,2013,31,2013-09-30T00:00:00.000,Underground & DLR,101.6331038
373,5,2013,31,2013-09-30T00:00:00.000,Bus,166.3236541
374,5,2013,31,2013-09-30T00:00:00.000,Tram,2.241317567
375,5,2013,31,2013-09-30T00:00:00.000,Overground,10.57159315
376,5,2013,31,2013-09-30T00:00:00.000,Emirates Airline,0.194817
377,5,2013,31,2013-09-30T00:00:00.000,TfL Rail,
378,2,2021,28,2021-06-30T00:00:00.000,Underground & DLR,47.46783371
379,2,2021,28,2021-06-30T00:00:00.000,Bus,104.2862393
380,2,2021,28,2021-06-30T00:00:00.000,Tram,1.480810339
381,2,2021,28,2021-06-30T00:00:00.000,Overground,7.686087707
382,2,2021,28,2021-06-30T00:00:00.000,Emirates Airline,0.056832
383,2,2021,28,2021-06-30T00:00:00.000,TfL Rail,2.312614833
384,1,2021,31,2021-06-30T00:00:00.000,Underground & DLR,42.26403732
385,3,2021,31,2021-06-30T00:00:00.000,Underground & DLR,54.12393818
386,1,2021,31,2021-06-30T00:00:00.000,Bus,95.9139842
387,3,2021,31,2021-06-30T00:00:00.000,Bus,106.9782457
388,1,2021,31,2021-06-30T00:00:00.000,Tram,1.259912104
389,3,2021,31,2021-06-30T00:00:00.000,Tram,1.495872167
390,1,2021,31,2021-06-30T00:00:00.000,Overground,8.647541589
391,3,2021,31,2021-06-30T00:00:00.000,Overground,7.777896583
392,1,2021,31,2021-06-30T00:00:00.000,Emirates Airline,0.145264
393,3,2021,31,2021-06-30T00:00:00.000,Emirates Airline,0.112039
394,1,2021,31,2021-06-30T00:00:00.000,TfL Rail,2.120411056
395,3,2021,31,2021-06-30T00:00:00.000,TfL Rail,2.714845605
396,2,2014,28,2014-06-30T00:00:00.000,Underground & DLR,100.5217034
397,2,2014,28,2014-06-30T00:00:00.000,Bus,192.7652362
398,2,2014,28,2014-06-30T00:00:00.000,Tram,2.358107152
399,2,2014,28,2014-06-30T00:00:00.000,Overground,10.53527559
400,2,2014,28,2014-06-30T00:00:00.000,Emirates Airline,0.107946
401,2,2014,28,2014-06-30T00:00:00.000,TfL Rail,
402,1,2014,31,2014-06-30T00:00:00.000,Underground & DLR,96.35747096
403,3,2014,31,2014-06-30T00:00:00.000,Underground & DLR,106.4923425
404,1,2014,31,2014-06-30T00:00:00.000,Bus,164.1128984
405,3,2014,31,2014-06-30T00:00:00.000,Bus,188.0825198
406,1,2014,31,2014-06-30T00:00:00.000,Tram,2.242393829
407,3,2014,31,2014-06-30T00:00:00.000,Tram,2.288241128
408,1,2014,31,2014-06-30T00:00:00.000,Overground,9.721181807
409,3,2014,31,2014-06-30T00:00:00.000,Overground,10.49466896
410,1,2014,31,2014-06-30T00:00:00.000,Emirates Airline,0.144542
411,3,2014,31,2014-06-30T00:00:00.000,Emirates Airline,0.133305
412,1,2014,31,2014-06-30T00:00:00.000,TfL Rail,2.854854521
413,3,2014,31,2014-06-30T00:00:00.000,TfL Rail,
414,9,2017,30,2017-12-31T00:00:00.000,Underground & DLR,124.9023461
415,9,2017,30,2017-12-31T00:00:00.000,Bus,183.7709394
416,9,2017,30,2017-12-31T00:00:00.000,Tram,2.434063255
417,9,2017,30,2017-12-31T00:00:00.000,Overground,15.51043386
418,9,2017,30,2017-12-31T00:00:00.000,Emirates Airline,0.075648
419,9,2017,30,2017-12-31T00:00:00.000,TfL Rail,3.878285941
420,7,2017,31,2017-12-31T00:00:00.000,Underground & DLR,118.2085973
421,8,2017,31,2017-12-31T00:00:00.000,Underground & DLR,120.4664206
422,7,2017,31,2017-12-31T00:00:00.000,Bus,186.9083717
423,8,2017,31,2017-12-31T00:00:00.000,Bus,178.097614
424,7,2017,31,2017-12-31T00:00:00.000,Tram,2.535750337
425,8,2017,31,2017-12-31T00:00:00.000,Tram,2.323729408
426,7,2017,31,2017-12-31T00:00:00.000,Overground,15.59906054
427,8,2017,31,2017-12-31T00:00:00.000,Overground,15.44275651
428,7,2017,31,2017-12-31T00:00:00.000,Emirates Airline,0.0974124
429,8,2017,31,2017-12-31T00:00:00.000,Emirates Airline,0.112178
430,7,2017,31,2017-12-31T00:00:00.000,TfL Rail,3.838819483
431,8,2017,31,2017-12-31T00:00:00.000,TfL Rail,3.734557827
432,9,2010,30,2010-12-31T00:00:00.000,Underground & DLR,97.02963968
433,9,2010,30,2010-12-31T00:00:00.000,Bus,178.8450951
434,9,2010,30,2010-12-31T00:00:00.000,Tram,2.294527
435,9,2010,30,2010-12-31T00:00:00.000,Overground,5.437621108
436,9,2010,30,2010-12-31T00:00:00.000,Emirates Airline,
437,9,2010,30,2010-12-31T00:00:00.000,TfL Rail,
438,7,2010,31,2010-12-31T00:00:00.000,Underground & DLR,94.98603486
439,8,2010,31,2010-12-31T00:00:00.000,Underground & DLR,97.02479406
440,7,2010,31,2010-12-31T00:00:00.000,Bus,189.7979071
441,8,2010,31,2010-12-31T00:00:00.000,Bus,179.8809146
442,7,2010,31,2010-12-31T00:00:00.000,Tram,2.2727365
443,8,2010,31,2010-12-31T00:00:00.000,Tram,2.2050475
444,7,2010,31,2010-12-31T00:00:00.000,Overground,
445,8,2010,31,2010-12-31T00:00:00.000,Overground,5.634584968
446,7,2010,31,2010-12-31T00:00:00.000,Emirates Airline,
447,8,2010,31,2010-12-31T00:00:00.000,Emirates Airline,
448,7,2010,31,2010-12-31T00:00:00.000,TfL Rail,
449,8,2010,31,2010-12-31T00:00:00.000,TfL Rail,
450,11,2021,30,2022-03-31T00:00:00.000,Underground & DLR,66.10711783
451,11,2021,30,2022-03-31T00:00:00.000,Bus,123.5065039
452,11,2021,30,2022-03-31T00:00:00.000,Tram,1.608317179
453,11,2021,30,2022-03-31T00:00:00.000,Overground,9.968767686
454,11,2021,30,2022-03-31T00:00:00.000,Emirates Airline,0.063676
455,11,2021,30,2022-03-31T00:00:00.000,TfL Rail,3.2
456,10,2021,31,2022-03-31T00:00:00.000,Underground & DLR,49.91020194
457,12,2021,31,2022-03-31T00:00:00.000,Underground & DLR,71.93920475
458,10,2021,31,2022-03-31T00:00:00.000,Bus,95.1341721
459,12,2021,31,2022-03-31T00:00:00.000,Bus,127.7833297
460,10,2021,31,2022-03-31T00:00:00.000,Tram,1.243865261
461,12,2021,31,2022-03-31T00:00:00.000,Tram,1.406886544
462,10,2021,31,2022-03-31T00:00:00.000,Overground,6.727379039
463,12,2021,31,2022-03-31T00:00:00.000,Overground,10.68208527
464,10,2021,31,2022-03-31T00:00:00.000,Emirates Airline,0.093056
465,12,2021,31,2022-03-31T00:00:00.000,Emirates Airline,0.082282
466,10,2021,31,2022-03-31T00:00:00.000,TfL Rail,2.4
467,12,2021,31,2022-03-31T00:00:00.000,TfL Rail,3.1
468,4,2018,30,2018-09-30T00:00:00.000,Underground & DLR,118.6820696
469,6,2018,30,2018-09-30T00:00:00.000,Underground & DLR,106.1268563
470,4,2018,30,2018-09-30T00:00:00.000,Bus,177.7558703
471,6,2018,30,2018-09-30T00:00:00.000,Bus,162.1282351
472,4,2018,30,2018-09-30T00:00:00.000,Tram,2.357244124
473,6,2018,30,2018-09-30T00:00:00.000,Tram,2.205294413
474,4,2018,30,2018-09-30T00:00:00.000,Overground,14.83663807
475,6,2018,30,2018-09-30T00:00:00.000,Overground,14.14925828
476,4,2018,30,2018-09-30T00:00:00.000,Emirates Airline,0.118382
477,6,2018,30,2018-09-30T00:00:00.000,Emirates Airline,0.123294
478,4,2018,30,2018-09-30T00:00:00.000,TfL Rail,4.478725836
479,6,2018,30,2018-09-30T00:00:00.000,TfL Rail,4.140986788
480,5,2018,31,2018-09-30T00:00:00.000,Underground & DLR,109.3244926
481,5,2018,31,2018-09-30T00:00:00.000,Bus,151.5015641
482,5,2018,31,2018-09-30T00:00:00.000,Tram,2.063891481
483,5,2018,31,2018-09-30T00:00:00.000,Overground,14.04167186
484,5,2018,31,2018-09-30T00:00:00.000,Emirates Airline,0.156557
485,5,2018,31,2018-09-30T00:00:00.000,TfL Rail,4.104271931
486,11,2014,30,2015-03-31T00:00:00.000,Underground & DLR,108.7752426
487,11,2014,30,2015-03-31T00:00:00.000,Bus,178.2268004
488,11,2014,30,2015-03-31T00:00:00.000,Tram,2.437836606
489,11,2014,30,2015-03-31T00:00:00.000,Overground,11.35479264
490,11,2014,30,2015-03-31T00:00:00.000,Emirates Airline,0.074935
491,11,2014,30,2015-03-31T00:00:00.000,TfL Rail,
492,10,2014,31,2015-03-31T00:00:00.000,Underground & DLR,93.94082233
493,12,2014,31,2015-03-31T00:00:00.000,Underground & DLR,114.7452006
494,10,2014,31,2015-03-31T00:00:00.000,Bus,156.8042458
495,12,2014,31,2015-03-31T00:00:00.000,Bus,176.2994552
496,10,2014,31,2015-03-31T00:00:00.000,Tram,2.084920346
497,12,2014,31,2015-03-31T00:00:00.000,Tram,2.448465498
498,10,2014,31,2015-03-31T00:00:00.000,Overground,8.668505227
499,12,2014,31,2015-03-31T00:00:00.000,Overground,11.08739821
500,10,2014,31,2015-03-31T00:00:00.000,Emirates Airline,0.093527
501,12,2014,31,2015-03-31T00:00:00.000,Emirates Airline,0.115311
502,10,2014,31,2015-03-31T00:00:00.000,TfL Rail,
503,12,2014,31,2015-03-31T00:00:00.000,TfL Rail,
504,4,2011,30,2011-09-30T00:00:00.000,Underground & DLR,98.90630154
505,6,2011,30,2011-09-30T00:00:00.000,Underground & DLR,91.7186178
506,4,2011,30,2011-09-30T00:00:00.000,Bus,186.6689899
507,6,2011,30,2011-09-30T00:00:00.000,Bus,173.899762
508,4,2011,30,2011-09-30T00:00:00.000,Tram,2.282373
509,6,2011,30,2011-09-30T00:00:00.000,Tram,2.149924
510,4,2011,30,2011-09-30T00:00:00.000,Overground,7.583551011
511,6,2011,30,2011-09-30T00:00:00.000,Overground,7.681396324
512,4,2011,30,2011-09-30T00:00:00.000,Emirates Airline,
513,6,2011,30,2011-09-30T00:00:00.000,Emirates Airline,
514,4,2011,30,2011-09-30T00:00:00.000,TfL Rail,
515,6,2011,30,2011-09-30T00:00:00.000,TfL Rail,
516,5,2011,31,2011-09-30T00:00:00.000,Underground & DLR,91.7110092
517,5,2011,31,2011-09-30T00:00:00.000,Bus,161.0650796
518,5,2011,31,2011-09-30T00:00:00.000,Tram,1.925193
519,5,2011,31,2011-09-30T00:00:00.000,Overground,7.652665925
520,5,2011,31,2011-09-30T00:00:00.000,Emirates Airline,
521,5,2011,31,2011-09-30T00:00:00.000,TfL Rail,
522,2,2019,28,2019-06-30T00:00:00.000,Underground & DLR,115.8457432
523,2,2019,28,2019-06-30T00:00:00.000,Bus,175.2471373
524,2,2019,28,2019-06-30T00:00:00.000,Tram,2.159410313
525,2,2019,28,2019-06-30T00:00:00.000,Overground,14.15696308
526,2,2019,28,2019-06-30T00:00:00.000,Emirates Airline,0.101827
527,2,2019,28,2019-06-30T00:00:00.000,TfL Rail,4.47809398
528,1,2019,31,2019-06-30T00:00:00.000,Underground & DLR,110.0272776
529,3,2019,31,2019-06-30T00:00:00.000,Underground & DLR,117.2677211
530,1,2019,31,2019-06-30T00:00:00.000,Bus,156.63758
531,3,2019,31,2019-06-30T00:00:00.000,Bus,171.3800179
532,1,2019,31,2019-06-30T00:00:00.000,Tram,1.974102172
533,3,2019,31,2019-06-30T00:00:00.000,Tram,2.229806879
534,1,2019,31,2019-06-30T00:00:00.000,Overground,13.88291925
535,3,2019,31,2019-06-30T00:00:00.000,Overground,13.79133005
536,1,2019,31,2019-06-30T00:00:00.000,Emirates Airline,0.113705
537,3,2019,31,2019-06-30T00:00:00.000,Emirates Airline,0.111004
538,1,2019,31,2019-06-30T00:00:00.000,TfL Rail,4.323124821
539,3,2019,31,2019-06-30T00:00:00.000,TfL Rail,4.385749612
540,9,2022,30,2022-12-31T00:00:00.000,Underground & DLR,102.6669159
541,9,2022,30,2022-12-31T00:00:00.000,Bus,145.9953186
542,9,2022,30,2022-12-31T00:00:00.000,Tram,1.602802
543,9,2022,30,2022-12-31T00:00:00.000,Overground,13.99023093
544,9,2022,30,2022-12-31T00:00:00.000,Emirates Airline,0.056559
545,9,2022,30,2022-12-31T00:00:00.000,TfL Rail,15.223201
546,7,2022,31,2022-12-31T00:00:00.000,Underground & DLR,95.77307287
547,8,2022,31,2022-12-31T00:00:00.000,Underground & DLR,95.31413963
548,7,2022,31,2022-12-31T00:00:00.000,Bus,146.9544838
549,8,2022,31,2022-12-31T00:00:00.000,Bus,143.1045551
550,7,2022,31,2022-12-31T00:00:00.000,Tram,1.641060508
551,8,2022,31,2022-12-31T00:00:00.000,Tram,1.690798187
552,7,2022,31,2022-12-31T00:00:00.000,Overground,12.47575723
553,8,2022,31,2022-12-31T00:00:00.000,Overground,13.25191663
554,7,2022,31,2022-12-31T00:00:00.000,Emirates Airline,0.108961
555,8,2022,31,2022-12-31T00:00:00.000,Emirates Airline,0.121923
556,7,2022,31,2022-12-31T00:00:00.000,TfL Rail,11.049603
557,8,2022,31,2022-12-31T00:00:00.000,TfL Rail,12.51585
558,9,2015,30,2015-12-31T00:00:00.000,Underground & DLR,123.446096
559,9,2015,30,2015-12-31T00:00:00.000,Bus,186.6151484
560,9,2015,30,2015-12-31T00:00:00.000,Tram,2.25369
561,9,2015,30,2015-12-31T00:00:00.000,Overground,15.75319307
562,9,2015,30,2015-12-31T00:00:00.000,Emirates Airline,0.052531
563,9,2015,30,2015-12-31T00:00:00.000,TfL Rail,4.179697757
564,7,2015,31,2015-12-31T00:00:00.000,Underground & DLR,121.2626244
565,8,2015,31,2015-12-31T00:00:00.000,Underground & DLR,121.5570551
566,7,2015,31,2015-12-31T00:00:00.000,Bus,190.7567215
567,8,2015,31,2015-12-31T00:00:00.000,Bus,181.1999349
568,7,2015,31,2015-12-31T00:00:00.000,Tram,2.200561
569,8,2015,31,2015-12-31T00:00:00.000,Tram,2.16637
570,7,2015,31,2015-12-31T00:00:00.000,Overground,15.65157073
571,8,2015,31,2015-12-31T00:00:00.000,Overground,15.53898643
572,7,2015,31,2015-12-31T00:00:00.000,Emirates Airline,0.118785
573,8,2015,31,2015-12-31T00:00:00.000,Emirates Airline,0.139655
574,7,2015,31,2015-12-31T00:00:00.000,TfL Rail,4.143011094
575,8,2015,31,2015-12-31T00:00:00.000,TfL Rail,4.150729505
576,2,2012,29,2012-06-30T00:00:00.000,Underground & DLR,99.96382228
577,2,2012,29,2012-06-30T00:00:00.000,Bus,189.2119656
578,2,2012,29,2012-06-30T00:00:00.000,Tram,2.338405044
579,2,2012,29,2012-06-30T00:00:00.000,Overground,8.870131388
580,2,2012,29,2012-06-30T00:00:00.000,Emirates Airline,
581,2,2012,29,2012-06-30T00:00:00.000,TfL Rail,
582,1,2012,31,2012-06-30T00:00:00.000,Underground & DLR,95.63930738
583,3,2012,31,2012-06-30T00:00:00.000,Underground & DLR,96.64137128
584,1,2012,31,2012-06-30T00:00:00.000,Bus,171.8478123
585,3,2012,31,2012-06-30T00:00:00.000,Bus,176.5380988
586,1,2012,31,2012-06-30T00:00:00.000,Tram,2.148610908
587,3,2012,31,2012-06-30T00:00:00.000,Tram,2.177143285
588,1,2012,31,2012-06-30T00:00:00.000,Overground,8.530067297
589,3,2012,31,2012-06-30T00:00:00.000,Overground,8.568230412
590,1,2012,31,2012-06-30T00:00:00.000,Emirates Airline,
591,3,2012,31,2012-06-30T00:00:00.000,Emirates Airline,
592,1,2012,31,2012-06-30T00:00:00.000,TfL Rail,
593,3,2012,31,2012-06-30T00:00:00.000,TfL Rail,
594,11,2019,30,2020-03-31T00:00:00.000,Underground & DLR,115.0359661
595,11,2019,30,2020-03-31T00:00:00.000,Bus,169.4236583
596,11,2019,30,2020-03-31T00:00:00.000,Tram,2.306802813
597,11,2019,30,2020-03-31T00:00:00.000,Overground,14.05691148
598,11,2019,30,2020-03-31T00:00:00.000,Emirates Airline,0.060013
599,11,2019,30,2020-03-31T00:00:00.000,TfL Rail,5.668711093
600,10,2019,31,2020-03-31T00:00:00.000,Underground & DLR,98.71301509
601,12,2019,31,2020-03-31T00:00:00.000,Underground & DLR,115.52339
602,10,2019,31,2020-03-31T00:00:00.000,Bus,140.9879969
603,12,2019,31,2020-03-31T00:00:00.000,Bus,165.1762223
604,10,2019,31,2020-03-31T00:00:00.000,Tram,1.909165289
605,12,2019,31,2020-03-31T00:00:00.000,Tram,2.196717919
606,10,2019,31,2020-03-31T00:00:00.000,Overground,10.58719779
607,12,2019,31,2020-03-31T00:00:00.000,Overground,15.60820526
608,10,2019,31,2020-03-31T00:00:00.000,Emirates Airline,0.086786
609,12,2019,31,2020-03-31T00:00:00.000,Emirates Airline,0.061136
610,10,2019,31,2020-03-31T00:00:00.000,TfL Rail,4.346181188
611,12,2019,31,2020-03-31T00:00:00.000,TfL Rail,5.240511429
612,4,2016,30,2016-09-30T00:00:00.000,Underground & DLR,118.4314553
613,6,2016,30,2016-09-30T00:00:00.000,Underground & DLR,107.5093825
614,4,2016,30,2016-09-30T00:00:00.000,Bus,177.6993792
615,6,2016,30,2016-09-30T00:00:00.000,Bus,166.3205143
616,4,2016,30,2016-09-30T00:00:00.000,Tram,2.439134898
617,6,2016,30,2016-09-30T00:00:00.000,Tram,2.244757992
618,4,2016,30,2016-09-30T00:00:00.000,Overground,14.13202587
619,6,2016,30,2016-09-30T00:00:00.000,Overground,14.18852051
620,4,2016,30,2016-09-30T00:00:00.000,Emirates Airline,0.132425
621,6,2016,30,2016-09-30T00:00:00.000,Emirates Airline,0.136297
622,4,2016,30,2016-09-30T00:00:00.000,TfL Rail,3.808085695
623,6,2016,30,2016-09-30T00:00:00.000,TfL Rail,3.469032082
624,5,2016,31,2016-09-30T00:00:00.000,Underground & DLR,110.0565025
625,5,2016,31,2016-09-30T00:00:00.000,Bus,155.321431
626,5,2016,31,2016-09-30T00:00:00.000,Tram,1.813009057
627,5,2016,31,2016-09-30T00:00:00.000,Overground,13.74282798
628,5,2016,31,2016-09-30T00:00:00.000,Emirates Airline,0.182303
629,5,2016,31,2016-09-30T00:00:00.000,TfL Rail,3.588850528
630,11,2012,30,2013-03-31T00:00:00.000,Underground & DLR,98.97087593
631,11,2012,30,2013-03-31T00:00:00.000,Bus,178.1221944
632,11,2012,30,2013-03-31T00:00:00.000,Tram,2.312969946
633,11,2012,30,2013-03-31T00:00:00.000,Overground,10.18613218
634,11,2012,30,2013-03-31T00:00:00.000,Emirates Airline,0.072604
635,11,2012,30,2013-03-31T00:00:00.000,TfL Rail,
636,10,2012,31,2013-03-31T00:00:00.000,Underground & DLR,84.72737956
637,12,2012,31,2013-03-31T00:00:00.000,Underground & DLR,104.2526944
638,10,2012,31,2013-03-31T00:00:00.000,Bus,151.9363269
639,12,2012,31,2013-03-31T00:00:00.000,Bus,180.2517954
640,10,2012,31,2013-03-31T00:00:00.000,Tram,2.038857573
641,12,2012,31,2013-03-31T00:00:00.000,Tram,2.357240795
642,10,2012,31,2013-03-31T00:00:00.000,Overground,8.214637796
643,12,2012,31,2013-03-31T00:00:00.000,Overground,10.73786676
644,10,2012,31,2013-03-31T00:00:00.000,Emirates Airline,0.11049
645,12,2012,31,2013-03-31T00:00:00.000,Emirates Airline,0.11707
646,10,2012,31,2013-03-31T00:00:00.000,TfL Rail,
647,12,2012,31,2013-03-31T00:00:00.000,TfL Rail,
648,2,2017,28,2017-06-30T00:00:00.000,Underground & DLR,115.4927741
649,2,2017,28,2017-06-30T00:00:00.000,Bus,182.263921
650,2,2017,28,2017-06-30T00:00:00.000,Tram,2.259733915
651,2,2017,28,2017-06-30T00:00:00.000,Overground,14.83456338
652,2,2017,28,2017-06-30T00:00:00.000,Emirates Airline,0.113401991
653,2,2017,28,2017-06-30T00:00:00.000,TfL Rail,3.516487515
654,1,2017,31,2017-06-30T00:00:00.000,Underground & DLR,114.2706568
655,3,2017,31,2017-06-30T00:00:00.000,Underground & DLR,110.7642947
656,1,2017,31,2017-06-30T00:00:00.000,Bus,172.5880603
657,3,2017,31,2017-06-30T00:00:00.000,Bus,175.7759459
658,1,2017,31,2017-06-30T00:00:00.000,Tram,2.133444005
659,3,2017,31,2017-06-30T00:00:00.000,Tram,2.22733318
660,1,2017,31,2017-06-30T00:00:00.000,Overground,14.72110999
661,3,2017,31,2017-06-30T00:00:00.000,Overground,14.38761568
662,1,2017,31,2017-06-30T00:00:00.000,Emirates Airline,0.155692978
663,3,2017,31,2017-06-30T00:00:00.000,Emirates Airline,0.11319885
664,1,2017,31,2017-06-30T00:00:00.000,TfL Rail,3.290075087
665,3,2017,31,2017-06-30T00:00:00.000,TfL Rail,3.38090789
666,9,2020,30,2020-12-31T00:00:00.000,Underground & DLR,36.13152027
667,9,2020,30,2020-12-31T00:00:00.000,Bus,88.99404731
668,9,2020,30,2020-12-31T00:00:00.000,Tram,1.130221658
669,9,2020,30,2020-12-31T00:00:00.000,Overground,6.61382143
670,9,2020,30,2020-12-31T00:00:00.000,Emirates Airline,0.02052
671,9,2020,30,2020-12-31T00:00:00.000,TfL Rail,2.076430425
672,7,2020,31,2020-12-31T00:00:00.000,Underground & DLR,43.96023385
673,8,2020,31,2020-12-31T00:00:00.000,Underground & DLR,37.81227172
674,7,2020,31,2020-12-31T00:00:00.000,Bus,101.9750272
675,8,2020,31,2020-12-31T00:00:00.000,Bus,88.85523703
676,7,2020,31,2020-12-31T00:00:00.000,Tram,1.386815393
677,8,2020,31,2020-12-31T00:00:00.000,Tram,1.027393231
678,7,2020,31,2020-12-31T00:00:00.000,Overground,8.455669045
679,8,2020,31,2020-12-31T00:00:00.000,Overground,7.080423369
680,7,2020,31,2020-12-31T00:00:00.000,Emirates Airline,0.039569
681,8,2020,31,2020-12-31T00:00:00.000,Emirates Airline,0.033097
682,7,2020,31,2020-12-31T00:00:00.000,TfL Rail,2.47825691
683,8,2020,31,2020-12-31T00:00:00.000,TfL Rail,2.123956284
684,2,2010,28,2010-06-30T00:00:00.000,Underground & DLR,90.33050361
685,2,2010,28,2010-06-30T00:00:00.000,Bus,181.6047923
686,2,2010,28,2010-06-30T00:00:00.000,Tram,2.1547905
687,2,2010,28,2010-06-30T00:00:00.000,Overground,
688,2,2010,28,2010-06-30T00:00:00.000,Emirates Airline,
689,2,2010,28,2010-06-30T00:00:00.000,TfL Rail,
690,1,2010,31,2010-06-30T00:00:00.000,Underground & DLR,96.83639076
691,3,2010,31,2010-06-30T00:00:00.000,Underground & DLR,90.03801412
692,1,2010,31,2010-06-30T00:00:00.000,Bus,189.1146606
693,3,2010,31,2010-06-30T00:00:00.000,Bus,175.8831733
694,1,2010,31,2010-06-30T00:00:00.000,Tram,2.2877845
695,3,2010,31,2010-06-30T00:00:00.000,Tram,2.1291215
696,1,2010,31,2010-06-30T00:00:00.000,Overground,
697,3,2010,31,2010-06-30T00:00:00.000,Overground,
698,1,2010,31,2010-06-30T00:00:00.000,Emirates Airline,
699,3,2010,31,2010-06-30T00:00:00.000,Emirates Airline,
700,1,2010,31,2010-06-30T00:00:00.000,TfL Rail,
701,3,2010,31,2010-06-30T00:00:00.000,TfL Rail,
702,9,2013,30,2013-12-31T00:00:00.000,Underground & DLR,114.5651738
703,9,2013,30,2013-12-31T00:00:00.000,Bus,193.2191911
704,9,2013,30,2013-12-31T00:00:00.000,Tram,2.568597062
705,9,2013,30,2013-12-31T00:00:00.000,Overground,10.62870273
706,9,2013,30,2013-12-31T00:00:00.000,Emirates Airline,0.076424
707,9,2013,30,2013-12-31T00:00:00.000,TfL Rail,
708,7,2013,31,2013-12-31T00:00:00.000,Underground & DLR,109.3813773
709,8,2013,31,2013-12-31T00:00:00.000,Underground & DLR,111.9729676
710,7,2013,31,2013-12-31T00:00:00.000,Bus,194.5059853
711,8,2013,31,2013-12-31T00:00:00.000,Bus,186.3485597
712,7,2013,31,2013-12-31T00:00:00.000,Tram,2.590109907
713,8,2013,31,2013-12-31T00:00:00.000,Tram,2.444683228
714,7,2013,31,2013-12-31T00:00:00.000,Overground,11.21835925
715,8,2013,31,2013-12-31T00:00:00.000,Overground,9.58901815
716,7,2013,31,2013-12-31T00:00:00.000,Emirates Airline,0.104226
717,8,2013,31,2013-12-31T00:00:00.000,Emirates Airline,0.099083
718,7,2013,31,2013-12-31T00:00:00.000,TfL Rail,
719,8,2013,31,2013-12-31T00:00:00.000,TfL Rail,
720,4,2021,30,2021-09-30T00:00:00.000,Underground & DLR,54.94853502
721,6,2021,30,2021-09-30T00:00:00.000,Underground & DLR,64.10997061
722,4,2021,30,2021-09-30T00:00:00.000,Bus,109.1357947
723,6,2021,30,2021-09-30T00:00:00.000,Bus,115.5285252
724,4,2021,30,2021-09-30T00:00:00.000,Tram,1.502612253
725,6,2021,30,2021-09-30T00:00:00.000,Tram,1.238905097
726,4,2021,30,2021-09-30T00:00:00.000,Overground,10.14764205
727,6,2021,30,2021-09-30T00:00:00.000,Overground,10.599299
728,4,2021,30,2021-09-30T00:00:00.000,Emirates Airline,0.104728
729,6,2021,30,2021-09-30T00:00:00.000,Emirates Airline,0.163673
730,4,2021,30,2021-09-30T00:00:00.000,TfL Rail,2.806712186
731,6,2021,30,2021-09-30T00:00:00.000,TfL Rail,3.097643
732,5,2021,31,2021-09-30T00:00:00.000,Underground & DLR,57.12025494
733,5,2021,31,2021-09-30T00:00:00.000,Bus,98.81442361
734,5,2021,31,2021-09-30T00:00:00.000,Tram,1.266967879
735,5,2021,31,2021-09-30T00:00:00.000,Overground,8.574371395
736,5,2021,31,2021-09-30T00:00:00.000,Emirates Airline,0.18938
737,5,2021,31,2021-09-30T00:00:00.000,TfL Rail,2.8
738,11,2017,30,2018-03-31T00:00:00.000,Underground & DLR,114.7345789
739,11,2017,30,2018-03-31T00:00:00.000,Bus,175.2207321
740,11,2017,30,2018-03-31T00:00:00.000,Tram,2.241396561
741,11,2017,30,2018-03-31T00:00:00.000,Overground,14.82053681
742,11,2017,30,2018-03-31T00:00:00.000,Emirates Airline,0.065853
743,11,2017,30,2018-03-31T00:00:00.000,TfL Rail,3.676614535
744,10,2017,31,2018-03-31T00:00:00.000,Underground & DLR,95.1068036
745,12,2017,31,2018-03-31T00:00:00.000,Underground & DLR,114.5119732
746,10,2017,31,2018-03-31T00:00:00.000,Bus,145.0617339
747,12,2017,31,2018-03-31T00:00:00.000,Bus,168.6537267
748,10,2017,31,2018-03-31T00:00:00.000,Tram,1.938765422
749,12,2017,31,2018-03-31T00:00:00.000,Tram,2.165873986
750,10,2017,31,2018-03-31T00:00:00.000,Overground,11.55572814
751,12,2017,31,2018-03-31T00:00:00.000,Overground,14.13058085
752,10,2017,31,2018-03-31T00:00:00.000,Emirates Airline,0.064841
753,12,2017,31,2018-03-31T00:00:00.000,Emirates Airline,0.091732
754,10,2017,31,2018-03-31T00:00:00.000,TfL Rail,2.872382665
755,12,2017,31,2018-03-31T00:00:00.000,TfL Rail,3.379773701
756,4,2014,30,2014-09-30T00:00:00.000,Underground & DLR,110.8696577
757,6,2014,30,2014-09-30T00:00:00.000,Underground & DLR,101.3265798
758,4,2014,30,2014-09-30T00:00:00.000,Bus,191.1015715
759,6,2014,30,2014-09-30T00:00:00.000,Bus,176.5021254
760,4,2014,30,2014-09-30T00:00:00.000,Tram,2.472438453
761,6,2014,30,2014-09-30T00:00:00.000,Tram,2.257142926
762,4,2014,30,2014-09-30T00:00:00.000,Overground,10.7756373
763,6,2014,30,2014-09-30T00:00:00.000,Overground,10.81955554
764,4,2014,30,2014-09-30T00:00:00.000,Emirates Airline,0.124303
765,6,2014,30,2014-09-30T00:00:00.000,Emirates Airline,0.170343
766,4,2014,30,2014-09-30T00:00:00.000,TfL Rail,
767,6,2014,30,2014-09-30T00:00:00.000,TfL Rail,
768,5,2014,31,2014-09-30T00:00:00.000,Underground & DLR,105.4292456
769,5,2014,31,2014-09-30T00:00:00.000,Bus,169.2446588
770,5,2014,31,2014-09-30T00:00:00.000,Tram,1.966043618
771,5,2014,31,2014-09-30T00:00:00.000,Overground,10.64618227
772,5,2014,31,2014-09-30T00:00:00.000,Emirates Airline,0.178233
773,5,2014,31,2014-09-30T00:00:00.000,TfL Rail,
774,11,2010,30,2011-03-31T00:00:00.000,Underground & DLR,90.6912942
775,11,2010,30,2011-03-31T00:00:00.000,Bus,183.0263399
776,11,2010,30,2011-03-31T00:00:00.000,Tram,2.140724
777,11,2010,30,2011-03-31T00:00:00.000,Overground,5.243922841
778,11,2010,30,2011-03-31T00:00:00.000,Emirates Airline,
779,11,2010,30,2011-03-31T00:00:00.000,TfL Rail,
780,10,2010,31,2011-03-31T00:00:00.000,Underground & DLR,77.36997907
781,12,2010,31,2011-03-31T00:00:00.000,Underground & DLR,94.25623237
782,10,2010,31,2011-03-31T00:00:00.000,Bus,140.051899
783,12,2010,31,2011-03-31T00:00:00.000,Bus,177.1822043
784,10,2010,31,2011-03-31T00:00:00.000,Tram,1.8491465
785,12,2010,31,2011-03-31T00:00:00.000,Tram,2.2221135
786,10,2010,31,2011-03-31T00:00:00.000,Overground,3.482651646
787,12,2010,31,2011-03-31T00:00:00.000,Overground,5.154636957
788,10,2010,31,2011-03-31T00:00:00.000,Emirates Airline,
789,12,2010,31,2011-03-31T00:00:00.000,Emirates Airline,
790,10,2010,31,2011-03-31T00:00:00.000,TfL Rail,
791,12,2010,31,2011-03-31T00:00:00.000,TfL Rail,
792,2,2022,28,2022-06-30T00:00:00.000,Underground & DLR,87.75874007
793,2,2022,28,2022-06-30T00:00:00.000,Bus,140.4674372
794,2,2022,28,2022-06-30T00:00:00.000,Tram,1.790680814
795,2,2022,28,2022-06-30T00:00:00.000,Overground,12.8878644
796,2,2022,28,2022-06-30T00:00:00.000,Emirates Airline,0.116952
797,2,2022,28,2022-06-30T00:00:00.000,TfL Rail,5.496774
798,1,2022,31,2022-06-30T00:00:00.000,Underground & DLR,86.30268431
799,3,2022,31,2022-06-30T00:00:00.000,Underground & DLR,78.38485223
800,1,2022,31,2022-06-30T00:00:00.000,Bus,134.9875548
801,3,2022,31,2022-06-30T00:00:00.000,Bus,138.0328727
802,1,2022,31,2022-06-30T00:00:00.000,Tram,1.580049835
803,3,2022,31,2022-06-30T00:00:00.000,Tram,1.745495802
804,1,2022,31,2022-06-30T00:00:00.000,Overground,11.975279
805,3,2022,31,2022-06-30T00:00:00.000,Overground,11.08386334
806,1,2022,31,2022-06-30T00:00:00.000,Emirates Airline,0.130421
807,3,2022,31,2022-06-30T00:00:00.000,Emirates Airline,0.146054
808,1,2022,31,2022-06-30T00:00:00.000,TfL Rail,4.3747
809,3,2022,31,2022-06-30T00:00:00.000,TfL Rail,8.062123
810,2,2015,28,2015-06-30T00:00:00.000,Underground & DLR,110.9363985
811,2,2015,28,2015-06-30T00:00:00.000,Bus,180.4511754
812,2,2015,28,2015-06-30T00:00:00.000,Tram,2.009069
813,2,2015,28,2015-06-30T00:00:00.000,Overground,11.81718347
814,2,2015,28,2015-06-30T00:00:00.000,Emirates Airline,0.145261
815,2,2015,28,2015-06-30T00:00:00.000,TfL Rail,
816,1,2015,31,2015-06-30T00:00:00.000,Underground & DLR,123.8548619
817,3,2015,31,2015-06-30T00:00:00.000,Underground & DLR,114.9055978
818,1,2015,31,2015-06-30T00:00:00.000,Bus,203.3982894
819,3,2015,31,2015-06-30T00:00:00.000,Bus,189.8925395
820,1,2015,31,2015-06-30T00:00:00.000,Tram,2.085206
821,3,2015,31,2015-06-30T00:00:00.000,Tram,2.111567
822,1,2015,31,2015-06-30T00:00:00.000,Overground,13.32389054
823,3,2015,31,2015-06-30T00:00:00.000,Overground,14.68160573
824,1,2015,31,2015-06-30T00:00:00.000,Emirates Airline,0.163774
825,3,2015,31,2015-06-30T00:00:00.000,Emirates Airline,0.12034
826,1,2015,31,2015-06-30T00:00:00.000,TfL Rail,
827,3,2015,31,2015-06-30T00:00:00.000,TfL Rail,3.619042039
828,9,2018,30,2018-12-31T00:00:00.000,Underground & DLR,128.1559949
829,9,2018,30,2018-12-31T00:00:00.000,Bus,180.5210914
830,9,2018,30,2018-12-31T00:00:00.000,Tram,2.35507492
831,9,2018,30,2018-12-31T00:00:00.000,Overground,15.59287265
832,9,2018,30,2018-12-31T00:00:00.000,Emirates Airline,0.072416
833,9,2018,30,2018-12-31T00:00:00.000,TfL Rail,4.62602119
834,7,2018,31,2018-12-31T00:00:00.000,Underground & DLR,119.4499156
835,8,2018,31,2018-12-31T00:00:00.000,Underground & DLR,122.8427646
836,7,2018,31,2018-12-31T00:00:00.000,Bus,183.7250794
837,8,2018,31,2018-12-31T00:00:00.000,Bus,175.1653687
838,7,2018,31,2018-12-31T00:00:00.000,Tram,2.397660726
839,8,2018,31,2018-12-31T00:00:00.000,Tram,2.321038206
840,7,2018,31,2018-12-31T00:00:00.000,Overground,15.8087653
841,8,2018,31,2018-12-31T00:00:00.000,Overground,15.63294442
842,7,2018,31,2018-12-31T00:00:00.000,Emirates Airline,0.089514
843,8,2018,31,2018-12-31T00:00:00.000,Emirates Airline,0.124189
844,7,2018,31,2018-12-31T00:00:00.000,TfL Rail,4.722366976
845,8,2018,31,2018-12-31T00:00:00.000,TfL Rail,4.684184207
846,9,2011,30,2011-12-31T00:00:00.000,Underground & DLR,104.1936729
847,9,2011,30,2011-12-31T00:00:00.000,Bus,189.4425409
848,9,2011,30,2011-12-31T00:00:00.000,Tram,2.396722
849,9,2011,30,2011-12-31T00:00:00.000,Overground,9.017742087
850,9,2011,30,2011-12-31T00:00:00.000,Emirates Airline,
851,9,2011,30,2011-12-31T00:00:00.000,TfL Rail,
852,7,2011,31,2011-12-31T00:00:00.000,Underground & DLR,100.5865731
853,8,2011,31,2011-12-31T00:00:00.000,Underground & DLR,103.1316347
854,7,2011,31,2011-12-31T00:00:00.000,Bus,193.4086629
855,8,2011,31,2011-12-31T00:00:00.000,Bus,185.1585965
856,7,2011,31,2011-12-31T00:00:00.000,Tram,2.364217
857,8,2011,31,2011-12-31T00:00:00.000,Tram,2.308021
858,7,2011,31,2011-12-31T00:00:00.000,Overground,8.698969452
859,8,2011,31,2011-12-31T00:00:00.000,Overground,8.802090147
860,7,2011,31,2011-12-31T00:00:00.000,Emirates Airline,
861,8,2011,31,2011-12-31T00:00:00.000,Emirates Airline,
862,7,2011,31,2011-12-31T00:00:00.000,TfL Rail,
863,8,2011,31,2011-12-31T00:00:00.000,TfL Rail,
864,11,2022,30,2023-03-31T00:00:00.000,Underground & DLR,92.61881061
865,11,2022,30,2023-03-31T00:00:00.000,Bus,141.2852413
866,11,2022,30,2023-03-31T00:00:00.000,Tram,1.783315698
867,11,2022,30,2023-03-31T00:00:00.000,Overground,13.13690025
868,11,2022,30,2023-03-31T00:00:00.000,Emirates Airline,0.077991
869,11,2022,30,2023-03-31T00:00:00.000,TfL Rail,13.40484
870,10,2022,31,2023-03-31T00:00:00.000,Underground & DLR,74.26269933
871,12,2022,31,2023-03-31T00:00:00.000,Underground & DLR,97.59914948
872,10,2022,31,2023-03-31T00:00:00.000,Bus,116.9117902
873,12,2022,31,2023-03-31T00:00:00.000,Bus,141.6020729
874,10,2022,31,2023-03-31T00:00:00.000,Tram,1.295158
875,12,2022,31,2023-03-31T00:00:00.000,Tram,1.633231022
876,10,2022,31,2023-03-31T00:00:00.000,Overground,6.868347355
877,12,2022,31,2023-03-31T00:00:00.000,Overground,13.36432424
878,10,2022,31,2023-03-31T00:00:00.000,Emirates Airline,0.095808
879,12,2022,31,2023-03-31T00:00:00.000,Emirates Airline,0.116734
880,10,2022,31,2023-03-31T00:00:00.000,TfL Rail,8.875033
881,12,2022,31,2023-03-31T00:00:00.000,TfL Rail,14.041961
882,4,2019,30,2019-09-30T00:00:00.000,Underground & DLR,121.383085
883,6,2019,30,2019-09-30T00:00:00.000,Underground & DLR,108.1266944
884,4,2019,30,2019-09-30T00:00:00.000,Bus,176.9586057
885,6,2019,30,2019-09-30T00:00:00.000,Bus,159.7781831
886,4,2019,30,2019-09-30T00:00:00.000,Tram,2.318362493
887,6,2019,30,2019-09-30T00:00:00.000,Tram,1.647323423
888,4,2019,30,2019-09-30T00:00:00.000,Overground,14.83199116
889,6,2019,30,2019-09-30T00:00:00.000,Overground,13.52311989
890,4,2019,30,2019-09-30T00:00:00.000,Emirates Airline,0.111299
891,6,2019,30,2019-09-30T00:00:00.000,Emirates Airline,0.132138
892,4,2019,30,2019-09-30T00:00:00.000,TfL Rail,4.628816499
893,6,2019,30,2019-09-30T00:00:00.000,TfL Rail,4.260005959
894,5,2019,31,2019-09-30T00:00:00.000,Underground & DLR,112.1151585
895,5,2019,31,2019-09-30T00:00:00.000,Bus,149.8232367
896,5,2019,31,2019-09-30T00:00:00.000,Tram,2.006081421
897,5,2019,31,2019-09-30T00:00:00.000,Overground,12.94871815
898,5,2019,31,2019-09-30T00:00:00.000,Emirates Airline,0.140624
899,5,2019,31,2019-09-30T00:00:00.000,TfL Rail,4.281006498
900,11,2015,30,2016-03-31T00:00:00.000,Underground & DLR,116.0941034
901,11,2015,30,2016-03-31T00:00:00.000,Bus,179.5026361
902,11,2015,30,2016-03-31T00:00:00.000,Tram,2.133401629
903,11,2015,30,2016-03-31T00:00:00.000,Overground,15.39186469
904,11,2015,30,2016-03-31T00:00:00.000,Emirates Airline,0.074064944
905,11,2015,30,2016-03-31T00:00:00.000,TfL Rail,3.767157214
906,10,2015,31,2016-03-31T00:00:00.000,Underground & DLR,92.48038021
907,12,2015,31,2016-03-31T00:00:00.000,Underground & DLR,118.7645367
908,10,2015,31,2016-03-31T00:00:00.000,Bus,147.1039225
909,12,2015,31,2016-03-31T00:00:00.000,Bus,175.9804637
910,10,2015,31,2016-03-31T00:00:00.000,Tram,1.848881
911,12,2015,31,2016-03-31T00:00:00.000,Tram,2.231009117
912,10,2015,31,2016-03-31T00:00:00.000,Overground,11.31366562
913,12,2015,31,2016-03-31T00:00:00.000,Overground,14.49889317
914,10,2015,31,2016-03-31T00:00:00.000,Emirates Airline,0.08393
915,12,2015,31,2016-03-31T00:00:00.000,Emirates Airline,0.108914338
916,10,2015,31,2016-03-31T00:00:00.000,TfL Rail,2.964734366
917,12,2015,31,2016-03-31T00:00:00.000,TfL Rail,3.234045687
918,4,2012,30,2012-09-30T00:00:00.000,Underground & DLR,104.8355659
919,6,2012,30,2012-09-30T00:00:00.000,Underground & DLR,102.6284804
920,4,2012,30,2012-09-30T00:00:00.000,Bus,189.9110592
921,6,2012,30,2012-09-30T00:00:00.000,Bus,177.0473123
922,4,2012,30,2012-09-30T00:00:00.000,Tram,2.489121454
923,6,2012,30,2012-09-30T00:00:00.000,Tram,2.350059961
924,4,2012,30,2012-09-30T00:00:00.000,Overground,8.871851218
925,6,2012,30,2012-09-30T00:00:00.000,Overground,9.825229929
926,4,2012,30,2012-09-30T00:00:00.000,Emirates Airline,0.236025
927,6,2012,30,2012-09-30T00:00:00.000,Emirates Airline,0.381347
928,4,2012,30,2012-09-30T00:00:00.000,TfL Rail,
929,6,2012,30,2012-09-30T00:00:00.000,TfL Rail,
930,5,2012,31,2012-09-30T00:00:00.000,Underground & DLR,113.6290531
931,5,2012,31,2012-09-30T00:00:00.000,Bus,167.1383355
932,5,2012,31,2012-09-30T00:00:00.000,Tram,2.328187675
933,5,2012,31,2012-09-30T00:00:00.000,Overground,10.50640562
934,5,2012,31,2012-09-30T00:00:00.000,Emirates Airline,0.534218
935,5,2012,31,2012-09-30T00:00:00.000,TfL Rail,
